purchase+email,orderid,productname,productimg,qty,unitprice
purchase+lectus.Nullam.suscipit@Loremipsum.com.demo,1000,Shopping Bag,http://www.marketo.com/_assets/uploads/PageLayer-ProductMenuItem/4/_resampled/ColorizedImage0%2058%2044-management-marketing-new.png?20140330124123,3,$49.99 
purchase+Integer@nonenim.org.demo,1001,Marketo Shirt,http://www.marketo.com/_assets/uploads/PageLayer-ProductMenuItem/2/_resampled/ColorizedImage0%2058%2044-marketing-automation-new.png?20140330123358,2,$19.99 
purchase+ligula.Nullam@pedeac.edu.demo,1002,Marketo Shirt,http://www.marketo.com/_assets/uploads/PageLayer-ProductMenuItem/8/_resampled/ColorizedImage0%2058%2044-marketing-management-new.png?20140330124144,4,$19.99 
purchase+Integer@nonenim.org.demo,1003,Marketo Gear,http://www.marketo.com/_assets/uploads/PageLayer-ProductMenuItem/4/_resampled/ColorizedImage0%2058%2044-management-marketing-new.png?20140330124123,4,$19.99 
purchase+mattis.velit.justo@elitfermentum.com.demo,1004,Marketo Gear,http://www.marketo.com/_assets/uploads/PageLayer-ProductMenuItem/2/_resampled/ColorizedImage0%2058%2044-marketing-automation-new.png?20140330123358,1,$24.99 
purchase+vitae.erat.Vivamus@elitpharetra.ca.demo,1005,Shopping Bag,http://www.marketo.com/_assets/uploads/PageLayer-ProductMenuItem/6/_resampled/ColorizedImage0%2058%2044-marketing-automation-newest.png?20140403145938,1,$95.99 
purchase+id.mollis.nec@nonhendreritid.org.demo,1006,Piggy Bank,http://www.marketo.com/_assets/uploads/PageLayer-ProductMenuItem/8/_resampled/ColorizedImage0%2058%2044-marketing-management-new.png?20140330124144,3,$95.99 
purchase+id.mollis.nec@nonhendreritid.org.demo,1007,Marketo Gear,http://www.marketo.com/_assets/uploads/PageLayer-ProductMenuItem/4/_resampled/ColorizedImage0%2058%2044-management-marketing-new.png?20140330124123,4,$95.99 
purchase+Integer@nonenim.org.demo,1008,Shopping Bag,http://www.marketo.com/_assets/uploads/PageLayer-ProductMenuItem/4/_resampled/ColorizedImage0%2058%2044-management-marketing-new.png?20140330124123,1,$19.99 
purchase+diam@loremfringillaornare.edu.demo,1009,Piggy Bank,http://www.marketo.com/_assets/uploads/PageLayer-ProductMenuItem/6/_resampled/ColorizedImage0%2058%2044-marketing-automation-newest.png?20140403145938,1,$19.99 
purchase+pede.ultrices@sit.ca.demo,1010,Marketo Shirt,http://www.marketo.com/_assets/uploads/PageLayer-ProductMenuItem/8/_resampled/ColorizedImage0%2058%2044-marketing-management-new.png?20140330124144,1,$49.99 
purchase+nibh.enim.gravida@sitamet.edu.demo,1011,Shopping Bag,http://www.marketo.com/_assets/uploads/PageLayer-ProductMenuItem/2/_resampled/ColorizedImage0%2058%2044-marketing-automation-new.png?20140330123358,4,$19.99 
purchase+sit.amet@necquam.edu.demo,1012,Marketo Shirt,http://www.marketo.com/_assets/uploads/PageLayer-ProductMenuItem/6/_resampled/ColorizedImage0%2058%2044-marketing-automation-newest.png?20140403145938,4,$24.99 
purchase+diam@loremfringillaornare.edu.demo,1013,Piggy Bank,http://www.marketo.com/_assets/uploads/PageLayer-ProductMenuItem/6/_resampled/ColorizedImage0%2058%2044-marketing-automation-newest.png?20140403145938,2,$19.99 
purchase+vitae.erat.Vivamus@elitpharetra.ca.demo,1014,Marketo Gear,http://www.marketo.com/_assets/uploads/PageLayer-ProductMenuItem/6/_resampled/ColorizedImage0%2058%2044-marketing-automation-newest.png?20140403145938,3,$19.99 
purchase+non.magna.Nam@parturient.ca.demo,1015,Marketo Gear,http://www.marketo.com/_assets/uploads/PageLayer-ProductMenuItem/4/_resampled/ColorizedImage0%2058%2044-management-marketing-new.png?20140330124123,3,$49.99 
purchase+vulputate.nisi@idrisus.org.demo,1016,Shopping Bag,http://www.marketo.com/_assets/uploads/PageLayer-ProductMenuItem/6/_resampled/ColorizedImage0%2058%2044-marketing-automation-newest.png?20140403145938,3,$19.99 
purchase+vitae.dolor@tincidunttempus.org.demo,1017,Shopping Bag,http://www.marketo.com/_assets/uploads/PageLayer-ProductMenuItem/6/_resampled/ColorizedImage0%2058%2044-marketing-automation-newest.png?20140403145938,1,$24.99 
purchase+vulputate.nisi@idrisus.org.demo,1018,Marketo Shirt,http://www.marketo.com/_assets/uploads/PageLayer-ProductMenuItem/6/_resampled/ColorizedImage0%2058%2044-marketing-automation-newest.png?20140403145938,4,$19.99 
purchase+dui.semper@aliquamarcu.edu.demo,1019,Piggy Bank,http://www.marketo.com/_assets/uploads/PageLayer-ProductMenuItem/4/_resampled/ColorizedImage0%2058%2044-management-marketing-new.png?20140330124123,1,$19.99 
purchase+vitae.dolor@tincidunttempus.org.demo,1020,Shopping Bag,http://www.marketo.com/_assets/uploads/PageLayer-ProductMenuItem/4/_resampled/ColorizedImage0%2058%2044-management-marketing-new.png?20140330124123,4,$95.99 
purchase+blandit@odioapurus.ca.demo,1021,Shopping Bag,http://www.marketo.com/_assets/uploads/PageLayer-ProductMenuItem/8/_resampled/ColorizedImage0%2058%2044-marketing-management-new.png?20140330124144,3,$24.99 
purchase+non.magna.Nam@parturient.ca.demo,1022,Piggy Bank,http://www.marketo.com/_assets/uploads/PageLayer-ProductMenuItem/6/_resampled/ColorizedImage0%2058%2044-marketing-automation-newest.png?20140403145938,5,$19.99 
purchase+Pellentesque.habitant.morbi@Utsagittis.org.demo,1023,Piggy Bank,http://www.marketo.com/_assets/uploads/PageLayer-ProductMenuItem/6/_resampled/ColorizedImage0%2058%2044-marketing-automation-newest.png?20140403145938,2,$95.99 
purchase+id.mollis.nec@nonhendreritid.org.demo,1024,Marketo Gear,http://www.marketo.com/_assets/uploads/PageLayer-ProductMenuItem/6/_resampled/ColorizedImage0%2058%2044-marketing-automation-newest.png?20140403145938,5,$24.99 
purchase+in.hendrerit@faucibuslectus.edu.demo,1025,Marketo Shirt,http://www.marketo.com/_assets/uploads/PageLayer-ProductMenuItem/4/_resampled/ColorizedImage0%2058%2044-management-marketing-new.png?20140330124123,1,$19.99 
purchase+mattis.velit.justo@elitfermentum.com.demo,1026,Marketo Gear,http://www.marketo.com/_assets/uploads/PageLayer-ProductMenuItem/6/_resampled/ColorizedImage0%2058%2044-marketing-automation-newest.png?20140403145938,5,$24.99 
purchase+tristique.ac@mauris.edu.demo,1027,Shopping Bag,http://www.marketo.com/_assets/uploads/PageLayer-ProductMenuItem/6/_resampled/ColorizedImage0%2058%2044-marketing-automation-newest.png?20140403145938,5,$95.99 
purchase+metus.In.nec@Nulladignissim.edu.demo,1028,Marketo Shirt,http://www.marketo.com/_assets/uploads/PageLayer-ProductMenuItem/8/_resampled/ColorizedImage0%2058%2044-marketing-management-new.png?20140330124144,1,$24.99 
purchase+a.ultricies.adipiscing@eleifendnunc.org.demo,1029,Shopping Bag,http://www.marketo.com/_assets/uploads/PageLayer-ProductMenuItem/6/_resampled/ColorizedImage0%2058%2044-marketing-automation-newest.png?20140403145938,5,$24.99 
purchase+Integer@nonenim.org.demo,1030,Shopping Bag,http://www.marketo.com/_assets/uploads/PageLayer-ProductMenuItem/4/_resampled/ColorizedImage0%2058%2044-management-marketing-new.png?20140330124123,3,$49.99 
purchase+at.sem@inlobortistellus.org.demo,1031,Piggy Bank,http://www.marketo.com/_assets/uploads/PageLayer-ProductMenuItem/2/_resampled/ColorizedImage0%2058%2044-marketing-automation-new.png?20140330123358,4,$49.99 
purchase+Integer.mollis.Integer@perconubia.edu.demo,1032,Piggy Bank,http://www.marketo.com/_assets/uploads/PageLayer-ProductMenuItem/4/_resampled/ColorizedImage0%2058%2044-management-marketing-new.png?20140330124123,1,$19.99 
purchase+fermentum.metus@ipsum.com.demo,1033,Marketo Shirt,http://www.marketo.com/_assets/uploads/PageLayer-ProductMenuItem/2/_resampled/ColorizedImage0%2058%2044-marketing-automation-new.png?20140330123358,2,$24.99 
purchase+cpope13@gmail.com,1034,Shopping Bag,http://www.marketo.com/_assets/uploads/PageLayer-ProductMenuItem/6/_resampled/ColorizedImage0%2058%2044-marketing-automation-newest.png?20140403145938,3,$24.99 
purchase+Ut.nec.urna@sempereratin.org.demo,1035,Piggy Bank,http://www.marketo.com/_assets/uploads/PageLayer-ProductMenuItem/4/_resampled/ColorizedImage0%2058%2044-management-marketing-new.png?20140330124123,2,$19.99 
purchase+laoreet.lectus.quis@nibhsit.ca.demo,1036,Piggy Bank,http://www.marketo.com/_assets/uploads/PageLayer-ProductMenuItem/4/_resampled/ColorizedImage0%2058%2044-management-marketing-new.png?20140330124123,5,$19.99 
purchase+a.ultricies.adipiscing@eleifendnunc.org.demo,1037,Marketo Gear,http://www.marketo.com/_assets/uploads/PageLayer-ProductMenuItem/8/_resampled/ColorizedImage0%2058%2044-marketing-management-new.png?20140330124144,3,$19.99 
purchase+vitae.erat.Vivamus@elitpharetra.ca.demo,1038,Shopping Bag,http://www.marketo.com/_assets/uploads/PageLayer-ProductMenuItem/2/_resampled/ColorizedImage0%2058%2044-marketing-automation-new.png?20140330123358,5,$95.99 
purchase+pede.ultrices@sit.ca.demo,1039,Piggy Bank,http://www.marketo.com/_assets/uploads/PageLayer-ProductMenuItem/6/_resampled/ColorizedImage0%2058%2044-marketing-automation-newest.png?20140403145938,1,$24.99 
purchase+nec.metus@utmolestie.com.demo,1040,Piggy Bank,http://www.marketo.com/_assets/uploads/PageLayer-ProductMenuItem/4/_resampled/ColorizedImage0%2058%2044-management-marketing-new.png?20140330124123,2,$24.99 
purchase+imperdiet@nibh.edu.demo,1041,Shopping Bag,http://www.marketo.com/_assets/uploads/PageLayer-ProductMenuItem/2/_resampled/ColorizedImage0%2058%2044-marketing-automation-new.png?20140330123358,1,$24.99 
purchase+pede.ultrices@sit.ca.demo,1042,Marketo Gear,http://www.marketo.com/_assets/uploads/PageLayer-ProductMenuItem/8/_resampled/ColorizedImage0%2058%2044-marketing-management-new.png?20140330124144,1,$24.99 
purchase+Ut.nec.urna@sempereratin.org.demo,1043,Shopping Bag,http://www.marketo.com/_assets/uploads/PageLayer-ProductMenuItem/8/_resampled/ColorizedImage0%2058%2044-marketing-management-new.png?20140330124144,4,$24.99 
purchase+cursus.vestibulum@elementum.org.demo,1044,Shopping Bag,http://www.marketo.com/_assets/uploads/PageLayer-ProductMenuItem/2/_resampled/ColorizedImage0%2058%2044-marketing-automation-new.png?20140330123358,4,$95.99 
purchase+Duis.elementum@sitametdapibus.com.demo,1045,Piggy Bank,http://www.marketo.com/_assets/uploads/PageLayer-ProductMenuItem/4/_resampled/ColorizedImage0%2058%2044-management-marketing-new.png?20140330124123,1,$95.99 
purchase+at.nisi@eutellus.org.demo,1046,Piggy Bank,http://www.marketo.com/_assets/uploads/PageLayer-ProductMenuItem/4/_resampled/ColorizedImage0%2058%2044-management-marketing-new.png?20140330124123,2,$95.99 
purchase+metus.In.nec@Nulladignissim.edu.demo,1047,Piggy Bank,http://www.marketo.com/_assets/uploads/PageLayer-ProductMenuItem/2/_resampled/ColorizedImage0%2058%2044-marketing-automation-new.png?20140330123358,4,$19.99 
purchase+lacinia@mattisvelitjusto.com.demo,1048,Marketo Shirt,http://www.marketo.com/_assets/uploads/PageLayer-ProductMenuItem/6/_resampled/ColorizedImage0%2058%2044-marketing-automation-newest.png?20140403145938,5,$24.99 
purchase+ligula.Nullam@pedeac.edu.demo,1049,Shopping Bag,http://www.marketo.com/_assets/uploads/PageLayer-ProductMenuItem/6/_resampled/ColorizedImage0%2058%2044-marketing-automation-newest.png?20140403145938,1,$49.99 
purchase+at.sem@inlobortistellus.org.demo,1050,Marketo Gear,http://www.marketo.com/_assets/uploads/PageLayer-ProductMenuItem/4/_resampled/ColorizedImage0%2058%2044-management-marketing-new.png?20140330124123,5,$19.99 
purchase+at.sem@inlobortistellus.org.demo,1051,Marketo Shirt,http://www.marketo.com/_assets/uploads/PageLayer-ProductMenuItem/4/_resampled/ColorizedImage0%2058%2044-management-marketing-new.png?20140330124123,5,$95.99 
purchase+pede.ultrices@sit.ca.demo,1052,Marketo Gear,http://www.marketo.com/_assets/uploads/PageLayer-ProductMenuItem/6/_resampled/ColorizedImage0%2058%2044-marketing-automation-newest.png?20140403145938,1,$49.99 
purchase+Pellentesque.habitant.morbi@Utsagittis.org.demo,1053,Marketo Gear,http://www.marketo.com/_assets/uploads/PageLayer-ProductMenuItem/8/_resampled/ColorizedImage0%2058%2044-marketing-management-new.png?20140330124144,4,$24.99 
purchase+a.ultricies.adipiscing@eleifendnunc.org.demo,1054,Piggy Bank,http://www.marketo.com/_assets/uploads/PageLayer-ProductMenuItem/8/_resampled/ColorizedImage0%2058%2044-marketing-management-new.png?20140330124144,1,$19.99 
purchase+vitae.dolor@tincidunttempus.org.demo,1055,Shopping Bag,http://www.marketo.com/_assets/uploads/PageLayer-ProductMenuItem/2/_resampled/ColorizedImage0%2058%2044-marketing-automation-new.png?20140330123358,4,$95.99 
purchase+luctus.aliquet.odio@mollislectus.ca.demo,1056,Shopping Bag,http://www.marketo.com/_assets/uploads/PageLayer-ProductMenuItem/4/_resampled/ColorizedImage0%2058%2044-management-marketing-new.png?20140330124123,3,$95.99 
purchase+metus.In.nec@Nulladignissim.edu.demo,1057,Piggy Bank,http://www.marketo.com/_assets/uploads/PageLayer-ProductMenuItem/6/_resampled/ColorizedImage0%2058%2044-marketing-automation-newest.png?20140403145938,2,$19.99 
purchase+sit.amet@necquam.edu.demo,1058,Marketo Shirt,http://www.marketo.com/_assets/uploads/PageLayer-ProductMenuItem/8/_resampled/ColorizedImage0%2058%2044-marketing-management-new.png?20140330124144,1,$24.99 
purchase+hendrerit.Donec@vulputatedui.ca.demo,1059,Marketo Shirt,http://www.marketo.com/_assets/uploads/PageLayer-ProductMenuItem/6/_resampled/ColorizedImage0%2058%2044-marketing-automation-newest.png?20140403145938,3,$19.99 
purchase+tristique.ac@mauris.edu.demo,1060,Piggy Bank,http://www.marketo.com/_assets/uploads/PageLayer-ProductMenuItem/2/_resampled/ColorizedImage0%2058%2044-marketing-automation-new.png?20140330123358,4,$49.99 
purchase+Morbi.metus@magnamalesuada.com.demo,1061,Piggy Bank,http://www.marketo.com/_assets/uploads/PageLayer-ProductMenuItem/4/_resampled/ColorizedImage0%2058%2044-management-marketing-new.png?20140330124123,2,$24.99 
purchase+hendrerit.Donec@vulputatedui.ca.demo,1062,Shopping Bag,http://www.marketo.com/_assets/uploads/PageLayer-ProductMenuItem/2/_resampled/ColorizedImage0%2058%2044-marketing-automation-new.png?20140330123358,5,$19.99 
purchase+tristique.ac@mauris.edu.demo,1063,Marketo Gear,http://www.marketo.com/_assets/uploads/PageLayer-ProductMenuItem/4/_resampled/ColorizedImage0%2058%2044-management-marketing-new.png?20140330124123,4,$19.99 
purchase+metus.In.nec@Nulladignissim.edu.demo,1064,Marketo Gear,http://www.marketo.com/_assets/uploads/PageLayer-ProductMenuItem/8/_resampled/ColorizedImage0%2058%2044-marketing-management-new.png?20140330124144,3,$95.99 
purchase+tristique.ac@mauris.edu.demo,1065,Piggy Bank,http://www.marketo.com/_assets/uploads/PageLayer-ProductMenuItem/6/_resampled/ColorizedImage0%2058%2044-marketing-automation-newest.png?20140403145938,1,$49.99 
purchase+nibh.enim.gravida@sitamet.edu.demo,1066,Piggy Bank,http://www.marketo.com/_assets/uploads/PageLayer-ProductMenuItem/4/_resampled/ColorizedImage0%2058%2044-management-marketing-new.png?20140330124123,2,$19.99 
purchase+vitae.erat.Vivamus@elitpharetra.ca.demo,1067,Marketo Shirt,http://www.marketo.com/_assets/uploads/PageLayer-ProductMenuItem/6/_resampled/ColorizedImage0%2058%2044-marketing-automation-newest.png?20140403145938,5,$49.99 
purchase+vitae.odio.sagittis@magnisdis.org.demo,1068,Piggy Bank,http://www.marketo.com/_assets/uploads/PageLayer-ProductMenuItem/2/_resampled/ColorizedImage0%2058%2044-marketing-automation-new.png?20140330123358,1,$49.99 
purchase+Pellentesque.habitant.morbi@Utsagittis.org.demo,1069,Shopping Bag,http://www.marketo.com/_assets/uploads/PageLayer-ProductMenuItem/4/_resampled/ColorizedImage0%2058%2044-management-marketing-new.png?20140330124123,3,$19.99 
purchase+id.mollis.nec@nonhendreritid.org.demo,1070,Shopping Bag,http://www.marketo.com/_assets/uploads/PageLayer-ProductMenuItem/2/_resampled/ColorizedImage0%2058%2044-marketing-automation-new.png?20140330123358,3,$49.99 
purchase+Ut.nec.urna@sempereratin.org.demo,1071,Marketo Shirt,http://www.marketo.com/_assets/uploads/PageLayer-ProductMenuItem/4/_resampled/ColorizedImage0%2058%2044-management-marketing-new.png?20140330124123,1,$24.99 
purchase+scelerisque.sed@eratvitaerisus.com.demo,1072,Piggy Bank,http://www.marketo.com/_assets/uploads/PageLayer-ProductMenuItem/8/_resampled/ColorizedImage0%2058%2044-marketing-management-new.png?20140330124144,1,$49.99 
purchase+metus.In.nec@Nulladignissim.edu.demo,1073,Marketo Shirt,http://www.marketo.com/_assets/uploads/PageLayer-ProductMenuItem/2/_resampled/ColorizedImage0%2058%2044-marketing-automation-new.png?20140330123358,5,$95.99 
purchase+Phasellus.dolor.elit@sitamet.ca.demo,1074,Piggy Bank,http://www.marketo.com/_assets/uploads/PageLayer-ProductMenuItem/6/_resampled/ColorizedImage0%2058%2044-marketing-automation-newest.png?20140403145938,1,$24.99 
purchase+ligula.Nullam@pedeac.edu.demo,1075,Marketo Shirt,http://www.marketo.com/_assets/uploads/PageLayer-ProductMenuItem/2/_resampled/ColorizedImage0%2058%2044-marketing-automation-new.png?20140330123358,1,$95.99 
purchase+quam@arcuVestibulumante.edu.demo,1076,Piggy Bank,http://www.marketo.com/_assets/uploads/PageLayer-ProductMenuItem/8/_resampled/ColorizedImage0%2058%2044-marketing-management-new.png?20140330124144,2,$24.99 
purchase+vitae.erat.Vivamus@elitpharetra.ca.demo,1077,Marketo Shirt,http://www.marketo.com/_assets/uploads/PageLayer-ProductMenuItem/6/_resampled/ColorizedImage0%2058%2044-marketing-automation-newest.png?20140403145938,2,$24.99 
purchase+luctus.aliquet.odio@mollislectus.ca.demo,1078,Piggy Bank,http://www.marketo.com/_assets/uploads/PageLayer-ProductMenuItem/2/_resampled/ColorizedImage0%2058%2044-marketing-automation-new.png?20140330123358,1,$49.99 
purchase+vitae.odio.sagittis@magnisdis.org.demo,1079,Marketo Shirt,http://www.marketo.com/_assets/uploads/PageLayer-ProductMenuItem/8/_resampled/ColorizedImage0%2058%2044-marketing-management-new.png?20140330124144,3,$24.99 
purchase+justo.faucibus.lectus@Suspendisse.ca.demo,1080,Marketo Shirt,http://www.marketo.com/_assets/uploads/PageLayer-ProductMenuItem/8/_resampled/ColorizedImage0%2058%2044-marketing-management-new.png?20140330124144,1,$49.99 
purchase+sagittis.placerat@Donectempor.edu.demo,1081,Marketo Shirt,http://www.marketo.com/_assets/uploads/PageLayer-ProductMenuItem/8/_resampled/ColorizedImage0%2058%2044-marketing-management-new.png?20140330124144,1,$95.99 
purchase+hendrerit.Donec@vulputatedui.ca.demo,1082,Shopping Bag,http://www.marketo.com/_assets/uploads/PageLayer-ProductMenuItem/4/_resampled/ColorizedImage0%2058%2044-management-marketing-new.png?20140330124123,4,$24.99 
purchase+Integer@nonenim.org.demo,1083,Marketo Shirt,http://www.marketo.com/_assets/uploads/PageLayer-ProductMenuItem/4/_resampled/ColorizedImage0%2058%2044-management-marketing-new.png?20140330124123,4,$19.99 
purchase+Integer.mollis.Integer@perconubia.edu.demo,1084,Piggy Bank,http://www.marketo.com/_assets/uploads/PageLayer-ProductMenuItem/2/_resampled/ColorizedImage0%2058%2044-marketing-automation-new.png?20140330123358,2,$49.99 
purchase+vitae.erat.Vivamus@elitpharetra.ca.demo,1085,Shopping Bag,http://www.marketo.com/_assets/uploads/PageLayer-ProductMenuItem/4/_resampled/ColorizedImage0%2058%2044-management-marketing-new.png?20140330124123,1,$95.99 
purchase+steven.m.simoni@gmail.com,1086,Shopping Bag,http://www.marketo.com/_assets/uploads/PageLayer-ProductMenuItem/4/_resampled/ColorizedImage0%2058%2044-management-marketing-new.png?20140330124123,4,$24.99 
purchase+Nam.ac.nulla@NullamnislMaecenas.com.demo,1087,Piggy Bank,http://www.marketo.com/_assets/uploads/PageLayer-ProductMenuItem/8/_resampled/ColorizedImage0%2058%2044-marketing-management-new.png?20140330124144,2,$49.99 
purchase+metus.In.nec@Nulladignissim.edu.demo,1088,Shopping Bag,http://www.marketo.com/_assets/uploads/PageLayer-ProductMenuItem/4/_resampled/ColorizedImage0%2058%2044-management-marketing-new.png?20140330124123,5,$19.99 
purchase+justo.faucibus.lectus@Suspendisse.ca.demo,1089,Shopping Bag,http://www.marketo.com/_assets/uploads/PageLayer-ProductMenuItem/2/_resampled/ColorizedImage0%2058%2044-marketing-automation-new.png?20140330123358,2,$49.99 
purchase+ligula.Nullam@pedeac.edu.demo,1090,Shopping Bag,http://www.marketo.com/_assets/uploads/PageLayer-ProductMenuItem/4/_resampled/ColorizedImage0%2058%2044-management-marketing-new.png?20140330124123,5,$24.99 
purchase+metus.In.nec@augueutlacus.org.demo,1091,Marketo Shirt,http://www.marketo.com/_assets/uploads/PageLayer-ProductMenuItem/8/_resampled/ColorizedImage0%2058%2044-marketing-management-new.png?20140330124144,4,$19.99 
purchase+at.nisi@eutellus.org.demo,1092,Shopping Bag,http://www.marketo.com/_assets/uploads/PageLayer-ProductMenuItem/4/_resampled/ColorizedImage0%2058%2044-management-marketing-new.png?20140330124123,1,$95.99 
purchase+Ut.nec.urna@sempereratin.org.demo,1093,Shopping Bag,http://www.marketo.com/_assets/uploads/PageLayer-ProductMenuItem/4/_resampled/ColorizedImage0%2058%2044-management-marketing-new.png?20140330124123,5,$24.99 
purchase+id.mollis.nec@nonhendreritid.org.demo,1094,Shopping Bag,http://www.marketo.com/_assets/uploads/PageLayer-ProductMenuItem/2/_resampled/ColorizedImage0%2058%2044-marketing-automation-new.png?20140330123358,4,$24.99 
purchase+pede.ultrices@sit.ca.demo,1095,Piggy Bank,http://www.marketo.com/_assets/uploads/PageLayer-ProductMenuItem/2/_resampled/ColorizedImage0%2058%2044-marketing-automation-new.png?20140330123358,2,$49.99 
purchase+a.ultricies.adipiscing@eleifendnunc.org.demo,1096,Shopping Bag,http://www.marketo.com/_assets/uploads/PageLayer-ProductMenuItem/8/_resampled/ColorizedImage0%2058%2044-marketing-management-new.png?20140330124144,5,$24.99 
purchase+id.mollis.nec@nonhendreritid.org.demo,1097,Marketo Shirt,http://www.marketo.com/_assets/uploads/PageLayer-ProductMenuItem/8/_resampled/ColorizedImage0%2058%2044-marketing-management-new.png?20140330124144,3,$95.99 
purchase+hendrerit.a.arcu@dolorNulla.ca.demo,1098,Marketo Shirt,http://www.marketo.com/_assets/uploads/PageLayer-ProductMenuItem/6/_resampled/ColorizedImage0%2058%2044-marketing-automation-newest.png?20140403145938,5,$95.99 
purchase+lectus.Nullam.suscipit@Loremipsum.com.demo,1000,Shopping Bag,http://www.marketo.com/_assets/uploads/PageLayer-ProductMenuItem/4/_resampled/ColorizedImage0%2058%2044-management-marketing-new.png?20140330124123,3,$49.99 
purchase+Integer@nonenim.org.demo,1001,Marketo Shirt,http://www.marketo.com/_assets/uploads/PageLayer-ProductMenuItem/2/_resampled/ColorizedImage0%2058%2044-marketing-automation-new.png?20140330123358,2,$19.99 
purchase+ligula.Nullam@pedeac.edu.demo,1002,Marketo Shirt,http://www.marketo.com/_assets/uploads/PageLayer-ProductMenuItem/8/_resampled/ColorizedImage0%2058%2044-marketing-management-new.png?20140330124144,4,$19.99 
purchase+Integer@nonenim.org.demo,1003,Marketo Gear,http://www.marketo.com/_assets/uploads/PageLayer-ProductMenuItem/4/_resampled/ColorizedImage0%2058%2044-management-marketing-new.png?20140330124123,4,$19.99 
purchase+mattis.velit.justo@elitfermentum.com.demo,1004,Marketo Gear,http://www.marketo.com/_assets/uploads/PageLayer-ProductMenuItem/2/_resampled/ColorizedImage0%2058%2044-marketing-automation-new.png?20140330123358,1,$24.99 
purchase+vitae.erat.Vivamus@elitpharetra.ca.demo,1005,Shopping Bag,http://www.marketo.com/_assets/uploads/PageLayer-ProductMenuItem/6/_resampled/ColorizedImage0%2058%2044-marketing-automation-newest.png?20140403145938,1,$95.99 
purchase+id.mollis.nec@nonhendreritid.org.demo,1006,Piggy Bank,http://www.marketo.com/_assets/uploads/PageLayer-ProductMenuItem/8/_resampled/ColorizedImage0%2058%2044-marketing-management-new.png?20140330124144,3,$95.99 
purchase+id.mollis.nec@nonhendreritid.org.demo,1007,Marketo Gear,http://www.marketo.com/_assets/uploads/PageLayer-ProductMenuItem/4/_resampled/ColorizedImage0%2058%2044-management-marketing-new.png?20140330124123,4,$95.99 
purchase+Integer@nonenim.org.demo,1008,Shopping Bag,http://www.marketo.com/_assets/uploads/PageLayer-ProductMenuItem/4/_resampled/ColorizedImage0%2058%2044-management-marketing-new.png?20140330124123,1,$19.99 
purchase+diam@loremfringillaornare.edu.demo,1009,Piggy Bank,http://www.marketo.com/_assets/uploads/PageLayer-ProductMenuItem/6/_resampled/ColorizedImage0%2058%2044-marketing-automation-newest.png?20140403145938,1,$19.99 
purchase+pede.ultrices@sit.ca.demo,1010,Marketo Shirt,http://www.marketo.com/_assets/uploads/PageLayer-ProductMenuItem/8/_resampled/ColorizedImage0%2058%2044-marketing-management-new.png?20140330124144,1,$49.99 
purchase+nibh.enim.gravida@sitamet.edu.demo,1011,Shopping Bag,http://www.marketo.com/_assets/uploads/PageLayer-ProductMenuItem/2/_resampled/ColorizedImage0%2058%2044-marketing-automation-new.png?20140330123358,4,$19.99 
purchase+sit.amet@necquam.edu.demo,1012,Marketo Shirt,http://www.marketo.com/_assets/uploads/PageLayer-ProductMenuItem/6/_resampled/ColorizedImage0%2058%2044-marketing-automation-newest.png?20140403145938,4,$24.99 
purchase+diam@loremfringillaornare.edu.demo,1013,Piggy Bank,http://www.marketo.com/_assets/uploads/PageLayer-ProductMenuItem/6/_resampled/ColorizedImage0%2058%2044-marketing-automation-newest.png?20140403145938,2,$19.99 
purchase+vitae.erat.Vivamus@elitpharetra.ca.demo,1014,Marketo Gear,http://www.marketo.com/_assets/uploads/PageLayer-ProductMenuItem/6/_resampled/ColorizedImage0%2058%2044-marketing-automation-newest.png?20140403145938,3,$19.99 
purchase+non.magna.Nam@parturient.ca.demo,1015,Marketo Gear,http://www.marketo.com/_assets/uploads/PageLayer-ProductMenuItem/4/_resampled/ColorizedImage0%2058%2044-management-marketing-new.png?20140330124123,3,$49.99 
purchase+vulputate.nisi@idrisus.org.demo,1016,Shopping Bag,http://www.marketo.com/_assets/uploads/PageLayer-ProductMenuItem/6/_resampled/ColorizedImage0%2058%2044-marketing-automation-newest.png?20140403145938,3,$19.99 
purchase+vitae.dolor@tincidunttempus.org.demo,1017,Shopping Bag,http://www.marketo.com/_assets/uploads/PageLayer-ProductMenuItem/6/_resampled/ColorizedImage0%2058%2044-marketing-automation-newest.png?20140403145938,1,$24.99 
purchase+vulputate.nisi@idrisus.org.demo,1018,Marketo Shirt,http://www.marketo.com/_assets/uploads/PageLayer-ProductMenuItem/6/_resampled/ColorizedImage0%2058%2044-marketing-automation-newest.png?20140403145938,4,$19.99 
purchase+dui.semper@aliquamarcu.edu.demo,1019,Piggy Bank,http://www.marketo.com/_assets/uploads/PageLayer-ProductMenuItem/4/_resampled/ColorizedImage0%2058%2044-management-marketing-new.png?20140330124123,1,$19.99 
purchase+vitae.dolor@tincidunttempus.org.demo,1020,Shopping Bag,http://www.marketo.com/_assets/uploads/PageLayer-ProductMenuItem/4/_resampled/ColorizedImage0%2058%2044-management-marketing-new.png?20140330124123,4,$95.99 
purchase+blandit@odioapurus.ca.demo,1021,Shopping Bag,http://www.marketo.com/_assets/uploads/PageLayer-ProductMenuItem/8/_resampled/ColorizedImage0%2058%2044-marketing-management-new.png?20140330124144,3,$24.99 
purchase+non.magna.Nam@parturient.ca.demo,1022,Piggy Bank,http://www.marketo.com/_assets/uploads/PageLayer-ProductMenuItem/6/_resampled/ColorizedImage0%2058%2044-marketing-automation-newest.png?20140403145938,5,$19.99 
purchase+Pellentesque.habitant.morbi@Utsagittis.org.demo,1023,Piggy Bank,http://www.marketo.com/_assets/uploads/PageLayer-ProductMenuItem/6/_resampled/ColorizedImage0%2058%2044-marketing-automation-newest.png?20140403145938,2,$95.99 
purchase+id.mollis.nec@nonhendreritid.org.demo,1024,Marketo Gear,http://www.marketo.com/_assets/uploads/PageLayer-ProductMenuItem/6/_resampled/ColorizedImage0%2058%2044-marketing-automation-newest.png?20140403145938,5,$24.99 
purchase+in.hendrerit@faucibuslectus.edu.demo,1025,Marketo Shirt,http://www.marketo.com/_assets/uploads/PageLayer-ProductMenuItem/4/_resampled/ColorizedImage0%2058%2044-management-marketing-new.png?20140330124123,1,$19.99 
purchase+mattis.velit.justo@elitfermentum.com.demo,1026,Marketo Gear,http://www.marketo.com/_assets/uploads/PageLayer-ProductMenuItem/6/_resampled/ColorizedImage0%2058%2044-marketing-automation-newest.png?20140403145938,5,$24.99 
purchase+tristique.ac@mauris.edu.demo,1027,Shopping Bag,http://www.marketo.com/_assets/uploads/PageLayer-ProductMenuItem/6/_resampled/ColorizedImage0%2058%2044-marketing-automation-newest.png?20140403145938,5,$95.99 
purchase+metus.In.nec@Nulladignissim.edu.demo,1028,Marketo Shirt,http://www.marketo.com/_assets/uploads/PageLayer-ProductMenuItem/8/_resampled/ColorizedImage0%2058%2044-marketing-management-new.png?20140330124144,1,$24.99 
purchase+a.ultricies.adipiscing@eleifendnunc.org.demo,1029,Shopping Bag,http://www.marketo.com/_assets/uploads/PageLayer-ProductMenuItem/6/_resampled/ColorizedImage0%2058%2044-marketing-automation-newest.png?20140403145938,5,$24.99 
purchase+Integer@nonenim.org.demo,1030,Shopping Bag,http://www.marketo.com/_assets/uploads/PageLayer-ProductMenuItem/4/_resampled/ColorizedImage0%2058%2044-management-marketing-new.png?20140330124123,3,$49.99 
purchase+at.sem@inlobortistellus.org.demo,1031,Piggy Bank,http://www.marketo.com/_assets/uploads/PageLayer-ProductMenuItem/2/_resampled/ColorizedImage0%2058%2044-marketing-automation-new.png?20140330123358,4,$49.99 
purchase+Integer.mollis.Integer@perconubia.edu.demo,1032,Piggy Bank,http://www.marketo.com/_assets/uploads/PageLayer-ProductMenuItem/4/_resampled/ColorizedImage0%2058%2044-management-marketing-new.png?20140330124123,1,$19.99 
purchase+fermentum.metus@ipsum.com.demo,1033,Marketo Shirt,http://www.marketo.com/_assets/uploads/PageLayer-ProductMenuItem/2/_resampled/ColorizedImage0%2058%2044-marketing-automation-new.png?20140330123358,2,$24.99 
purchase+cpope13@gmail.com,1034,Shopping Bag,http://www.marketo.com/_assets/uploads/PageLayer-ProductMenuItem/6/_resampled/ColorizedImage0%2058%2044-marketing-automation-newest.png?20140403145938,3,$24.99 
purchase+Ut.nec.urna@sempereratin.org.demo,1035,Piggy Bank,http://www.marketo.com/_assets/uploads/PageLayer-ProductMenuItem/4/_resampled/ColorizedImage0%2058%2044-management-marketing-new.png?20140330124123,2,$19.99 
purchase+laoreet.lectus.quis@nibhsit.ca.demo,1036,Piggy Bank,http://www.marketo.com/_assets/uploads/PageLayer-ProductMenuItem/4/_resampled/ColorizedImage0%2058%2044-management-marketing-new.png?20140330124123,5,$19.99 
purchase+a.ultricies.adipiscing@eleifendnunc.org.demo,1037,Marketo Gear,http://www.marketo.com/_assets/uploads/PageLayer-ProductMenuItem/8/_resampled/ColorizedImage0%2058%2044-marketing-management-new.png?20140330124144,3,$19.99 
purchase+vitae.erat.Vivamus@elitpharetra.ca.demo,1038,Shopping Bag,http://www.marketo.com/_assets/uploads/PageLayer-ProductMenuItem/2/_resampled/ColorizedImage0%2058%2044-marketing-automation-new.png?20140330123358,5,$95.99 
purchase+pede.ultrices@sit.ca.demo,1039,Piggy Bank,http://www.marketo.com/_assets/uploads/PageLayer-ProductMenuItem/6/_resampled/ColorizedImage0%2058%2044-marketing-automation-newest.png?20140403145938,1,$24.99 
purchase+nec.metus@utmolestie.com.demo,1040,Piggy Bank,http://www.marketo.com/_assets/uploads/PageLayer-ProductMenuItem/4/_resampled/ColorizedImage0%2058%2044-management-marketing-new.png?20140330124123,2,$24.99 
purchase+imperdiet@nibh.edu.demo,1041,Shopping Bag,http://www.marketo.com/_assets/uploads/PageLayer-ProductMenuItem/2/_resampled/ColorizedImage0%2058%2044-marketing-automation-new.png?20140330123358,1,$24.99 
purchase+pede.ultrices@sit.ca.demo,1042,Marketo Gear,http://www.marketo.com/_assets/uploads/PageLayer-ProductMenuItem/8/_resampled/ColorizedImage0%2058%2044-marketing-management-new.png?20140330124144,1,$24.99 
purchase+Ut.nec.urna@sempereratin.org.demo,1043,Shopping Bag,http://www.marketo.com/_assets/uploads/PageLayer-ProductMenuItem/8/_resampled/ColorizedImage0%2058%2044-marketing-management-new.png?20140330124144,4,$24.99 
purchase+cursus.vestibulum@elementum.org.demo,1044,Shopping Bag,http://www.marketo.com/_assets/uploads/PageLayer-ProductMenuItem/2/_resampled/ColorizedImage0%2058%2044-marketing-automation-new.png?20140330123358,4,$95.99 
purchase+Duis.elementum@sitametdapibus.com.demo,1045,Piggy Bank,http://www.marketo.com/_assets/uploads/PageLayer-ProductMenuItem/4/_resampled/ColorizedImage0%2058%2044-management-marketing-new.png?20140330124123,1,$95.99 
purchase+at.nisi@eutellus.org.demo,1046,Piggy Bank,http://www.marketo.com/_assets/uploads/PageLayer-ProductMenuItem/4/_resampled/ColorizedImage0%2058%2044-management-marketing-new.png?20140330124123,2,$95.99 
purchase+metus.In.nec@Nulladignissim.edu.demo,1047,Piggy Bank,http://www.marketo.com/_assets/uploads/PageLayer-ProductMenuItem/2/_resampled/ColorizedImage0%2058%2044-marketing-automation-new.png?20140330123358,4,$19.99 
purchase+lacinia@mattisvelitjusto.com.demo,1048,Marketo Shirt,http://www.marketo.com/_assets/uploads/PageLayer-ProductMenuItem/6/_resampled/ColorizedImage0%2058%2044-marketing-automation-newest.png?20140403145938,5,$24.99 
purchase+ligula.Nullam@pedeac.edu.demo,1049,Shopping Bag,http://www.marketo.com/_assets/uploads/PageLayer-ProductMenuItem/6/_resampled/ColorizedImage0%2058%2044-marketing-automation-newest.png?20140403145938,1,$49.99 
purchase+at.sem@inlobortistellus.org.demo,1050,Marketo Gear,http://www.marketo.com/_assets/uploads/PageLayer-ProductMenuItem/4/_resampled/ColorizedImage0%2058%2044-management-marketing-new.png?20140330124123,5,$19.99 
purchase+at.sem@inlobortistellus.org.demo,1051,Marketo Shirt,http://www.marketo.com/_assets/uploads/PageLayer-ProductMenuItem/4/_resampled/ColorizedImage0%2058%2044-management-marketing-new.png?20140330124123,5,$95.99 
purchase+pede.ultrices@sit.ca.demo,1052,Marketo Gear,http://www.marketo.com/_assets/uploads/PageLayer-ProductMenuItem/6/_resampled/ColorizedImage0%2058%2044-marketing-automation-newest.png?20140403145938,1,$49.99 
purchase+Pellentesque.habitant.morbi@Utsagittis.org.demo,1053,Marketo Gear,http://www.marketo.com/_assets/uploads/PageLayer-ProductMenuItem/8/_resampled/ColorizedImage0%2058%2044-marketing-management-new.png?20140330124144,4,$24.99 
purchase+a.ultricies.adipiscing@eleifendnunc.org.demo,1054,Piggy Bank,http://www.marketo.com/_assets/uploads/PageLayer-ProductMenuItem/8/_resampled/ColorizedImage0%2058%2044-marketing-management-new.png?20140330124144,1,$19.99 
purchase+vitae.dolor@tincidunttempus.org.demo,1055,Shopping Bag,http://www.marketo.com/_assets/uploads/PageLayer-ProductMenuItem/2/_resampled/ColorizedImage0%2058%2044-marketing-automation-new.png?20140330123358,4,$95.99 
purchase+luctus.aliquet.odio@mollislectus.ca.demo,1056,Shopping Bag,http://www.marketo.com/_assets/uploads/PageLayer-ProductMenuItem/4/_resampled/ColorizedImage0%2058%2044-management-marketing-new.png?20140330124123,3,$95.99 
purchase+metus.In.nec@Nulladignissim.edu.demo,1057,Piggy Bank,http://www.marketo.com/_assets/uploads/PageLayer-ProductMenuItem/6/_resampled/ColorizedImage0%2058%2044-marketing-automation-newest.png?20140403145938,2,$19.99 
purchase+sit.amet@necquam.edu.demo,1058,Marketo Shirt,http://www.marketo.com/_assets/uploads/PageLayer-ProductMenuItem/8/_resampled/ColorizedImage0%2058%2044-marketing-management-new.png?20140330124144,1,$24.99 
purchase+hendrerit.Donec@vulputatedui.ca.demo,1059,Marketo Shirt,http://www.marketo.com/_assets/uploads/PageLayer-ProductMenuItem/6/_resampled/ColorizedImage0%2058%2044-marketing-automation-newest.png?20140403145938,3,$19.99 
purchase+tristique.ac@mauris.edu.demo,1060,Piggy Bank,http://www.marketo.com/_assets/uploads/PageLayer-ProductMenuItem/2/_resampled/ColorizedImage0%2058%2044-marketing-automation-new.png?20140330123358,4,$49.99 
purchase+Morbi.metus@magnamalesuada.com.demo,1061,Piggy Bank,http://www.marketo.com/_assets/uploads/PageLayer-ProductMenuItem/4/_resampled/ColorizedImage0%2058%2044-management-marketing-new.png?20140330124123,2,$24.99 
purchase+hendrerit.Donec@vulputatedui.ca.demo,1062,Shopping Bag,http://www.marketo.com/_assets/uploads/PageLayer-ProductMenuItem/2/_resampled/ColorizedImage0%2058%2044-marketing-automation-new.png?20140330123358,5,$19.99 
purchase+tristique.ac@mauris.edu.demo,1063,Marketo Gear,http://www.marketo.com/_assets/uploads/PageLayer-ProductMenuItem/4/_resampled/ColorizedImage0%2058%2044-management-marketing-new.png?20140330124123,4,$19.99 
purchase+metus.In.nec@Nulladignissim.edu.demo,1064,Marketo Gear,http://www.marketo.com/_assets/uploads/PageLayer-ProductMenuItem/8/_resampled/ColorizedImage0%2058%2044-marketing-management-new.png?20140330124144,3,$95.99 
purchase+tristique.ac@mauris.edu.demo,1065,Piggy Bank,http://www.marketo.com/_assets/uploads/PageLayer-ProductMenuItem/6/_resampled/ColorizedImage0%2058%2044-marketing-automation-newest.png?20140403145938,1,$49.99 
purchase+nibh.enim.gravida@sitamet.edu.demo,1066,Piggy Bank,http://www.marketo.com/_assets/uploads/PageLayer-ProductMenuItem/4/_resampled/ColorizedImage0%2058%2044-management-marketing-new.png?20140330124123,2,$19.99 
purchase+vitae.erat.Vivamus@elitpharetra.ca.demo,1067,Marketo Shirt,http://www.marketo.com/_assets/uploads/PageLayer-ProductMenuItem/6/_resampled/ColorizedImage0%2058%2044-marketing-automation-newest.png?20140403145938,5,$49.99 
purchase+vitae.odio.sagittis@magnisdis.org.demo,1068,Piggy Bank,http://www.marketo.com/_assets/uploads/PageLayer-ProductMenuItem/2/_resampled/ColorizedImage0%2058%2044-marketing-automation-new.png?20140330123358,1,$49.99 
purchase+Pellentesque.habitant.morbi@Utsagittis.org.demo,1069,Shopping Bag,http://www.marketo.com/_assets/uploads/PageLayer-ProductMenuItem/4/_resampled/ColorizedImage0%2058%2044-management-marketing-new.png?20140330124123,3,$19.99 
purchase+id.mollis.nec@nonhendreritid.org.demo,1070,Shopping Bag,http://www.marketo.com/_assets/uploads/PageLayer-ProductMenuItem/2/_resampled/ColorizedImage0%2058%2044-marketing-automation-new.png?20140330123358,3,$49.99 
purchase+Ut.nec.urna@sempereratin.org.demo,1071,Marketo Shirt,http://www.marketo.com/_assets/uploads/PageLayer-ProductMenuItem/4/_resampled/ColorizedImage0%2058%2044-management-marketing-new.png?20140330124123,1,$24.99 
purchase+scelerisque.sed@eratvitaerisus.com.demo,1072,Piggy Bank,http://www.marketo.com/_assets/uploads/PageLayer-ProductMenuItem/8/_resampled/ColorizedImage0%2058%2044-marketing-management-new.png?20140330124144,1,$49.99 
purchase+metus.In.nec@Nulladignissim.edu.demo,1073,Marketo Shirt,http://www.marketo.com/_assets/uploads/PageLayer-ProductMenuItem/2/_resampled/ColorizedImage0%2058%2044-marketing-automation-new.png?20140330123358,5,$95.99 
purchase+Phasellus.dolor.elit@sitamet.ca.demo,1074,Piggy Bank,http://www.marketo.com/_assets/uploads/PageLayer-ProductMenuItem/6/_resampled/ColorizedImage0%2058%2044-marketing-automation-newest.png?20140403145938,1,$24.99 
purchase+ligula.Nullam@pedeac.edu.demo,1075,Marketo Shirt,http://www.marketo.com/_assets/uploads/PageLayer-ProductMenuItem/2/_resampled/ColorizedImage0%2058%2044-marketing-automation-new.png?20140330123358,1,$95.99 
purchase+quam@arcuVestibulumante.edu.demo,1076,Piggy Bank,http://www.marketo.com/_assets/uploads/PageLayer-ProductMenuItem/8/_resampled/ColorizedImage0%2058%2044-marketing-management-new.png?20140330124144,2,$24.99 
purchase+vitae.erat.Vivamus@elitpharetra.ca.demo,1077,Marketo Shirt,http://www.marketo.com/_assets/uploads/PageLayer-ProductMenuItem/6/_resampled/ColorizedImage0%2058%2044-marketing-automation-newest.png?20140403145938,2,$24.99 
purchase+luctus.aliquet.odio@mollislectus.ca.demo,1078,Piggy Bank,http://www.marketo.com/_assets/uploads/PageLayer-ProductMenuItem/2/_resampled/ColorizedImage0%2058%2044-marketing-automation-new.png?20140330123358,1,$49.99 
purchase+vitae.odio.sagittis@magnisdis.org.demo,1079,Marketo Shirt,http://www.marketo.com/_assets/uploads/PageLayer-ProductMenuItem/8/_resampled/ColorizedImage0%2058%2044-marketing-management-new.png?20140330124144,3,$24.99 
purchase+justo.faucibus.lectus@Suspendisse.ca.demo,1080,Marketo Shirt,http://www.marketo.com/_assets/uploads/PageLayer-ProductMenuItem/8/_resampled/ColorizedImage0%2058%2044-marketing-management-new.png?20140330124144,1,$49.99 
purchase+sagittis.placerat@Donectempor.edu.demo,1081,Marketo Shirt,http://www.marketo.com/_assets/uploads/PageLayer-ProductMenuItem/8/_resampled/ColorizedImage0%2058%2044-marketing-management-new.png?20140330124144,1,$95.99 
purchase+hendrerit.Donec@vulputatedui.ca.demo,1082,Shopping Bag,http://www.marketo.com/_assets/uploads/PageLayer-ProductMenuItem/4/_resampled/ColorizedImage0%2058%2044-management-marketing-new.png?20140330124123,4,$24.99 
purchase+Integer@nonenim.org.demo,1083,Marketo Shirt,http://www.marketo.com/_assets/uploads/PageLayer-ProductMenuItem/4/_resampled/ColorizedImage0%2058%2044-management-marketing-new.png?20140330124123,4,$19.99 
purchase+Integer.mollis.Integer@perconubia.edu.demo,1084,Piggy Bank,http://www.marketo.com/_assets/uploads/PageLayer-ProductMenuItem/2/_resampled/ColorizedImage0%2058%2044-marketing-automation-new.png?20140330123358,2,$49.99 
purchase+vitae.erat.Vivamus@elitpharetra.ca.demo,1085,Shopping Bag,http://www.marketo.com/_assets/uploads/PageLayer-ProductMenuItem/4/_resampled/ColorizedImage0%2058%2044-management-marketing-new.png?20140330124123,1,$95.99 
purchase+steven.m.simoni@gmail.com,1086,Shopping Bag,http://www.marketo.com/_assets/uploads/PageLayer-ProductMenuItem/4/_resampled/ColorizedImage0%2058%2044-management-marketing-new.png?20140330124123,4,$24.99 
purchase+Nam.ac.nulla@NullamnislMaecenas.com.demo,1087,Piggy Bank,http://www.marketo.com/_assets/uploads/PageLayer-ProductMenuItem/8/_resampled/ColorizedImage0%2058%2044-marketing-management-new.png?20140330124144,2,$49.99 
purchase+metus.In.nec@Nulladignissim.edu.demo,1088,Shopping Bag,http://www.marketo.com/_assets/uploads/PageLayer-ProductMenuItem/4/_resampled/ColorizedImage0%2058%2044-management-marketing-new.png?20140330124123,5,$19.99 
purchase+justo.faucibus.lectus@Suspendisse.ca.demo,1089,Shopping Bag,http://www.marketo.com/_assets/uploads/PageLayer-ProductMenuItem/2/_resampled/ColorizedImage0%2058%2044-marketing-automation-new.png?20140330123358,2,$49.99 
purchase+ligula.Nullam@pedeac.edu.demo,1090,Shopping Bag,http://www.marketo.com/_assets/uploads/PageLayer-ProductMenuItem/4/_resampled/ColorizedImage0%2058%2044-management-marketing-new.png?20140330124123,5,$24.99 
purchase+metus.In.nec@augueutlacus.org.demo,1091,Marketo Shirt,http://www.marketo.com/_assets/uploads/PageLayer-ProductMenuItem/8/_resampled/ColorizedImage0%2058%2044-marketing-management-new.png?20140330124144,4,$19.99 
purchase+at.nisi@eutellus.org.demo,1092,Shopping Bag,http://www.marketo.com/_assets/uploads/PageLayer-ProductMenuItem/4/_resampled/ColorizedImage0%2058%2044-management-marketing-new.png?20140330124123,1,$95.99 
purchase+Ut.nec.urna@sempereratin.org.demo,1093,Shopping Bag,http://www.marketo.com/_assets/uploads/PageLayer-ProductMenuItem/4/_resampled/ColorizedImage0%2058%2044-management-marketing-new.png?20140330124123,5,$24.99 
purchase+id.mollis.nec@nonhendreritid.org.demo,1094,Shopping Bag,http://www.marketo.com/_assets/uploads/PageLayer-ProductMenuItem/2/_resampled/ColorizedImage0%2058%2044-marketing-automation-new.png?20140330123358,4,$24.99 
purchase+pede.ultrices@sit.ca.demo,1095,Piggy Bank,http://www.marketo.com/_assets/uploads/PageLayer-ProductMenuItem/2/_resampled/ColorizedImage0%2058%2044-marketing-automation-new.png?20140330123358,2,$49.99 
purchase+a.ultricies.adipiscing@eleifendnunc.org.demo,1096,Shopping Bag,http://www.marketo.com/_assets/uploads/PageLayer-ProductMenuItem/8/_resampled/ColorizedImage0%2058%2044-marketing-management-new.png?20140330124144,5,$24.99 
purchase+id.mollis.nec@nonhendreritid.org.demo,1097,Marketo Shirt,http://www.marketo.com/_assets/uploads/PageLayer-ProductMenuItem/8/_resampled/ColorizedImage0%2058%2044-marketing-management-new.png?20140330124144,3,$95.99 
purchase+hendrerit.a.arcu@dolorNulla.ca.demo,1098,Marketo Shirt,http://www.marketo.com/_assets/uploads/PageLayer-ProductMenuItem/6/_resampled/ColorizedImage0%2058%2044-marketing-automation-newest.png?20140403145938,5,$95.99 
purchase+hendrerit.a.arcu@dolorNulla.ca.demo,1098,Marketo Shirt,http://www.marketo.com/_assets/uploads/PageLayer-ProductMenuItem/6/_resampled/ColorizedImage0%2058%2044-marketing-automation-newest.png?20140403145938,5,$95.99 
